customer_id,customer_name,region_id,signup_date,customer_segment
C00001,Cliente 0001,R03,2021-04-03,Consumer
C00002,Cliente 0002,R01,2021-09-25,Small Business
C00003,Cliente 0003,R03,2021-08-12,Small Business
C00004,Cliente 0004,R05,2022-02-05,Consumer
C00005,Cliente 0005,R01,2020-10-09,Corporate
C00006,Cliente 0006,R04,2021-12-12,Consumer
C00007,Cliente 0007,R03,2021-04-30,Consumer
C00008,Cliente 0008,R04,2022-10-27,Consumer
C00009,Cliente 0009,R04,2020-06-22,Consumer
C00010,Cliente 0010,R03,2020-06-11,Corporate
C00011,Cliente 0011,R02,2021-05-20,Corporate
C00012,Cliente 0012,R04,2021-07-11,Consumer
C00013,Cliente 0013,R01,2022-01-27,Consumer
C00014,Cliente 0014,R03,2021-03-18,Consumer
C00015,Cliente 0015,R01,2022-09-28,Small Business
C00016,Cliente 0016,R04,2021-06-03,Consumer
C00017,Cliente 0017,R04,2020-05-21,Consumer
C00018,Cliente 0018,R01,2020-05-10,Consumer
C00019,Cliente 0019,R04,2022-12-02,Consumer
C00020,Cliente 0020,R03,2020-05-26,Corporate
C00021,Cliente 0021,R04,2022-11-04,Corporate
C00022,Cliente 0022,R01,2020-10-31,Consumer
C00023,Cliente 0023,R01,2020-04-12,Corporate
C00024,Cliente 0024,R03,2020-11-29,Small Business
C00025,Cliente 0025,R01,2021-11-04,Consumer
C00026,Cliente 0026,R02,2021-04-13,Consumer
C00027,Cliente 0027,R04,2022-05-10,Consumer
C00028,Cliente 0028,R01,2021-10-31,Corporate
C00029,Cliente 0029,R04,2021-03-15,Consumer
C00030,Cliente 0030,R01,2021-11-26,Consumer
C00031,Cliente 0031,R01,2022-11-30,Consumer
C00032,Cliente 0032,R03,2021-03-27,Small Business
C00033,Cliente 0033,R04,2020-06-17,Consumer
C00034,Cliente 0034,R01,2021-03-24,Corporate
C00035,Cliente 0035,R02,2022-07-09,Consumer
C00036,Cliente 0036,R05,2020-08-26,Small Business
C00037,Cliente 0037,R05,2022-11-06,Consumer
C00038,Cliente 0038,R03,2021-10-06,Consumer
C00039,Cliente 0039,R03,2021-10-21,Small Business
C00040,Cliente 0040,R02,2020-12-13,Small Business
C00041,Cliente 0041,R04,2022-10-05,Consumer
C00042,Cliente 0042,R03,2020-02-09,Consumer
C00043,Cliente 0043,R02,2020-11-23,Corporate
C00044,Cliente 0044,R01,2021-04-03,Small Business
C00045,Cliente 0045,R01,2021-06-07,Consumer
C00046,Cliente 0046,R05,2021-06-03,Consumer
C00047,Cliente 0047,R03,2020-06-11,Corporate
C00048,Cliente 0048,R03,2020-09-04,Corporate
C00049,Cliente 0049,R03,2020-04-14,Corporate
C00050,Cliente 0050,R04,2021-09-19,Consumer
C00051,Cliente 0051,R01,2021-01-19,Consumer
C00052,Cliente 0052,R01,2021-09-12,Small Business
C00053,Cliente 0053,R02,2021-10-08,Small Business
C00054,Cliente 0054,R03,2022-02-08,Corporate
C00055,Cliente 0055,R04,2021-08-22,Consumer
C00056,Cliente 0056,R03,2021-12-11,Consumer
C00057,Cliente 0057,R03,2021-10-05,Corporate
C00058,Cliente 0058,R05,2021-12-16,Consumer
C00059,Cliente 0059,R01,2021-11-06,Small Business
C00060,Cliente 0060,R03,2020-12-12,Consumer
C00061,Cliente 0061,R03,2020-09-26,Corporate
C00062,Cliente 0062,R03,2022-05-13,Small Business
C00063,Cliente 0063,R05,2021-01-10,Consumer
C00064,Cliente 0064,R02,2021-08-24,Consumer
C00065,Cliente 0065,R05,2020-08-03,Consumer
C00066,Cliente 0066,R02,2021-04-17,Consumer
C00067,Cliente 0067,R03,2021-08-03,Consumer
C00068,Cliente 0068,R03,2021-11-17,Consumer
C00069,Cliente 0069,R05,2021-07-30,Small Business
C00070,Cliente 0070,R03,2021-01-30,Consumer
C00071,Cliente 0071,R02,2022-11-20,Consumer
C00072,Cliente 0072,R01,2021-07-15,Consumer
C00073,Cliente 0073,R02,2022-06-04,Consumer
C00074,Cliente 0074,R05,2022-03-18,Consumer
C00075,Cliente 0075,R01,2021-09-03,Consumer
C00076,Cliente 0076,R05,2022-08-29,Corporate
C00077,Cliente 0077,R03,2020-05-20,Consumer
C00078,Cliente 0078,R01,2022-10-06,Small Business
C00079,Cliente 0079,R02,2022-07-20,Consumer
C00080,Cliente 0080,R03,2021-07-05,Consumer
C00081,Cliente 0081,R02,2022-03-14,Corporate
C00082,Cliente 0082,R01,2021-07-24,Small Business
C00083,Cliente 0083,R04,2020-10-21,Consumer
C00084,Cliente 0084,R04,2022-05-26,Consumer
C00085,Cliente 0085,R01,2020-09-26,Consumer
C00086,Cliente 0086,R02,2020-12-10,Consumer
C00087,Cliente 0087,R02,2021-07-23,Consumer
C00088,Cliente 0088,R04,2022-07-06,Consumer
C00089,Cliente 0089,R04,2021-02-24,Consumer
C00090,Cliente 0090,R04,2021-06-25,Consumer
C00091,Cliente 0091,R05,2020-02-15,Small Business
C00092,Cliente 0092,R04,2020-05-06,Corporate
C00093,Cliente 0093,R02,2020-03-02,Consumer
C00094,Cliente 0094,R01,2020-03-19,Consumer
C00095,Cliente 0095,R04,2022-08-09,Consumer
C00096,Cliente 0096,R05,2022-07-11,Consumer
C00097,Cliente 0097,R05,2022-06-19,Corporate
C00098,Cliente 0098,R02,2020-03-01,Small Business
C00099,Cliente 0099,R02,2020-03-26,Small Business
C00100,Cliente 0100,R01,2020-11-03,Small Business
C00101,Cliente 0101,R01,2021-09-11,Small Business
C00102,Cliente 0102,R03,2021-01-01,Small Business
C00103,Cliente 0103,R03,2021-06-18,Consumer
C00104,Cliente 0104,R02,2020-07-08,Consumer
C00105,Cliente 0105,R02,2022-03-11,Consumer
C00106,Cliente 0106,R05,2020-12-10,Consumer
C00107,Cliente 0107,R03,2020-03-13,Consumer
C00108,Cliente 0108,R05,2022-03-24,Corporate
C00109,Cliente 0109,R05,2022-09-16,Consumer
C00110,Cliente 0110,R02,2020-01-17,Consumer
C00111,Cliente 0111,R02,2021-04-23,Consumer
C00112,Cliente 0112,R05,2022-06-25,Consumer
C00113,Cliente 0113,R04,2022-02-12,Consumer
C00114,Cliente 0114,R02,2022-07-27,Small Business
C00115,Cliente 0115,R04,2021-03-31,Consumer
C00116,Cliente 0116,R03,2021-02-11,Corporate
C00117,Cliente 0117,R05,2022-02-16,Consumer
C00118,Cliente 0118,R02,2020-06-17,Consumer
C00119,Cliente 0119,R05,2020-09-19,Consumer
C00120,Cliente 0120,R05,2021-10-20,Corporate
C00121,Cliente 0121,R01,2022-01-02,Corporate
C00122,Cliente 0122,R01,2020-05-11,Consumer
C00123,Cliente 0123,R03,2021-07-11,Small Business
C00124,Cliente 0124,R01,2021-02-03,Consumer
C00125,Cliente 0125,R02,2021-07-03,Small Business
C00126,Cliente 0126,R03,2022-11-16,Consumer
C00127,Cliente 0127,R05,2020-03-24,Consumer
C00128,Cliente 0128,R05,2022-12-27,Corporate
C00129,Cliente 0129,R01,2021-05-07,Consumer
C00130,Cliente 0130,R05,2022-04-26,Consumer
C00131,Cliente 0131,R01,2021-04-10,Consumer
C00132,Cliente 0132,R04,2020-12-06,Consumer
C00133,Cliente 0133,R05,2022-04-24,Corporate
C00134,Cliente 0134,R05,2022-01-23,Small Business
C00135,Cliente 0135,R02,2020-06-06,Small Business
C00136,Cliente 0136,R05,2022-02-12,Consumer
C00137,Cliente 0137,R01,2022-04-05,Consumer
C00138,Cliente 0138,R03,2021-03-01,Consumer
C00139,Cliente 0139,R03,2022-10-11,Consumer
C00140,Cliente 0140,R02,2021-12-03,Consumer
C00141,Cliente 0141,R01,2020-12-31,Small Business
C00142,Cliente 0142,R04,2020-01-12,Small Business
C00143,Cliente 0143,R02,2022-01-09,Corporate
C00144,Cliente 0144,R04,2020-08-17,Consumer
C00145,Cliente 0145,R03,2022-04-09,Consumer
C00146,Cliente 0146,R02,2021-07-29,Consumer
C00147,Cliente 0147,R05,2021-05-26,Consumer
C00148,Cliente 0148,R01,2020-06-28,Consumer
C00149,Cliente 0149,R04,2022-02-18,Consumer
C00150,Cliente 0150,R04,2020-06-30,Consumer
C00151,Cliente 0151,R02,2021-04-02,Small Business
C00152,Cliente 0152,R02,2022-07-05,Consumer
C00153,Cliente 0153,R01,2022-10-05,Small Business
C00154,Cliente 0154,R05,2022-12-20,Consumer
C00155,Cliente 0155,R05,2022-11-15,Consumer
C00156,Cliente 0156,R02,2021-09-01,Consumer
C00157,Cliente 0157,R01,2020-08-07,Consumer
C00158,Cliente 0158,R01,2022-07-08,Consumer
C00159,Cliente 0159,R01,2022-05-28,Consumer
C00160,Cliente 0160,R05,2022-12-21,Small Business
C00161,Cliente 0161,R05,2021-12-14,Consumer
C00162,Cliente 0162,R01,2020-06-04,Consumer
C00163,Cliente 0163,R04,2021-07-05,Consumer
C00164,Cliente 0164,R01,2021-05-06,Consumer
C00165,Cliente 0165,R02,2022-07-12,Consumer
C00166,Cliente 0166,R03,2021-03-06,Consumer
C00167,Cliente 0167,R04,2020-12-26,Small Business
C00168,Cliente 0168,R05,2020-03-28,Corporate
C00169,Cliente 0169,R01,2022-07-04,Corporate
C00170,Cliente 0170,R01,2022-04-07,Consumer
C00171,Cliente 0171,R02,2020-02-15,Consumer
C00172,Cliente 0172,R02,2021-04-20,Small Business
C00173,Cliente 0173,R05,2021-06-09,Consumer
C00174,Cliente 0174,R04,2021-05-29,Consumer
C00175,Cliente 0175,R02,2022-10-04,Consumer
C00176,Cliente 0176,R05,2020-06-14,Corporate
C00177,Cliente 0177,R03,2020-12-01,Corporate
C00178,Cliente 0178,R03,2020-07-17,Corporate
C00179,Cliente 0179,R03,2020-09-24,Corporate
C00180,Cliente 0180,R01,2022-09-21,Consumer
C00181,Cliente 0181,R05,2022-10-28,Small Business
C00182,Cliente 0182,R01,2020-02-18,Consumer
C00183,Cliente 0183,R01,2021-11-23,Corporate
C00184,Cliente 0184,R02,2020-09-12,Consumer
C00185,Cliente 0185,R02,2020-07-30,Small Business
C00186,Cliente 0186,R01,2020-11-16,Consumer
C00187,Cliente 0187,R01,2020-08-01,Consumer
C00188,Cliente 0188,R04,2021-06-21,Consumer
C00189,Cliente 0189,R05,2022-12-27,Consumer
C00190,Cliente 0190,R01,2021-10-04,Consumer
C00191,Cliente 0191,R02,2022-03-03,Corporate
C00192,Cliente 0192,R03,2021-06-24,Consumer
C00193,Cliente 0193,R05,2020-01-16,Small Business
C00194,Cliente 0194,R04,2020-04-02,Consumer
C00195,Cliente 0195,R04,2020-10-21,Corporate
C00196,Cliente 0196,R03,2020-09-24,Consumer
C00197,Cliente 0197,R03,2022-07-10,Corporate
C00198,Cliente 0198,R01,2022-07-13,Consumer
C00199,Cliente 0199,R05,2022-07-25,Consumer
C00200,Cliente 0200,R05,2021-11-29,Small Business
C00201,Cliente 0201,R01,2021-09-01,Consumer
C00202,Cliente 0202,R04,2021-12-12,Consumer
C00203,Cliente 0203,R01,2021-03-21,Corporate
C00204,Cliente 0204,R04,2022-01-04,Corporate
C00205,Cliente 0205,R05,2022-05-20,Consumer
C00206,Cliente 0206,R01,2022-04-16,Consumer
C00207,Cliente 0207,R03,2021-11-03,Small Business
C00208,Cliente 0208,R01,2020-03-04,Corporate
C00209,Cliente 0209,R03,2022-03-05,Small Business
C00210,Cliente 0210,R05,2021-02-05,Consumer
C00211,Cliente 0211,R01,2022-03-26,Corporate
C00212,Cliente 0212,R02,2021-08-14,Consumer
C00213,Cliente 0213,R05,2022-08-23,Small Business
C00214,Cliente 0214,R02,2021-01-05,Consumer
C00215,Cliente 0215,R01,2022-10-17,Corporate
C00216,Cliente 0216,R03,2022-07-14,Consumer
C00217,Cliente 0217,R03,2020-12-28,Consumer
C00218,Cliente 0218,R04,2021-06-12,Corporate
C00219,Cliente 0219,R02,2021-08-05,Consumer
C00220,Cliente 0220,R05,2022-04-22,Small Business
C00221,Cliente 0221,R03,2022-01-25,Consumer
C00222,Cliente 0222,R02,2022-07-22,Corporate
C00223,Cliente 0223,R05,2021-02-09,Consumer
C00224,Cliente 0224,R05,2021-07-07,Consumer
C00225,Cliente 0225,R03,2021-04-17,Consumer
C00226,Cliente 0226,R01,2022-09-23,Consumer
C00227,Cliente 0227,R03,2020-11-30,Consumer
C00228,Cliente 0228,R03,2021-10-05,Corporate
C00229,Cliente 0229,R01,2020-05-11,Corporate
C00230,Cliente 0230,R04,2022-07-20,Corporate
C00231,Cliente 0231,R05,2021-02-25,Consumer
C00232,Cliente 0232,R01,2021-01-08,Consumer
C00233,Cliente 0233,R04,2021-09-30,Consumer
C00234,Cliente 0234,R01,2021-06-30,Corporate
C00235,Cliente 0235,R04,2022-07-18,Small Business
C00236,Cliente 0236,R03,2021-08-05,Consumer
C00237,Cliente 0237,R01,2021-07-20,Corporate
C00238,Cliente 0238,R05,2020-04-25,Consumer
C00239,Cliente 0239,R01,2020-01-25,Consumer
C00240,Cliente 0240,R03,2021-03-12,Consumer
C00241,Cliente 0241,R01,2022-12-30,Consumer
C00242,Cliente 0242,R05,2022-10-02,Corporate
C00243,Cliente 0243,R04,2021-11-20,Small Business
C00244,Cliente 0244,R05,2021-11-22,Consumer
C00245,Cliente 0245,R03,2021-03-05,Consumer
C00246,Cliente 0246,R03,2020-07-13,Corporate
C00247,Cliente 0247,R04,2020-01-10,Small Business
C00248,Cliente 0248,R04,2021-01-06,Consumer
C00249,Cliente 0249,R05,2020-12-12,Consumer
C00250,Cliente 0250,R01,2020-07-28,Corporate
C00251,Cliente 0251,R04,2020-10-11,Consumer
C00252,Cliente 0252,R01,2020-01-28,Small Business
C00253,Cliente 0253,R02,2021-10-28,Consumer
C00254,Cliente 0254,R05,2022-10-13,Corporate
C00255,Cliente 0255,R02,2022-01-27,Consumer
C00256,Cliente 0256,R04,2021-05-06,Consumer
C00257,Cliente 0257,R03,2021-04-05,Small Business
C00258,Cliente 0258,R02,2020-12-03,Consumer
C00259,Cliente 0259,R02,2020-06-05,Consumer
C00260,Cliente 0260,R03,2021-10-17,Small Business
C00261,Cliente 0261,R04,2021-09-12,Small Business
C00262,Cliente 0262,R04,2020-01-09,Consumer
C00263,Cliente 0263,R05,2021-03-31,Consumer
C00264,Cliente 0264,R05,2020-10-31,Consumer
C00265,Cliente 0265,R04,2020-07-05,Corporate
C00266,Cliente 0266,R04,2022-02-09,Consumer
C00267,Cliente 0267,R02,2021-07-30,Consumer
C00268,Cliente 0268,R03,2021-11-25,Small Business
C00269,Cliente 0269,R01,2022-02-20,Small Business
C00270,Cliente 0270,R02,2022-12-12,Corporate
C00271,Cliente 0271,R05,2022-05-29,Small Business
C00272,Cliente 0272,R03,2021-11-10,Corporate
C00273,Cliente 0273,R01,2022-08-21,Corporate
C00274,Cliente 0274,R04,2021-06-07,Corporate
C00275,Cliente 0275,R05,2022-12-15,Consumer
C00276,Cliente 0276,R05,2022-04-14,Consumer
C00277,Cliente 0277,R02,2021-12-14,Consumer
C00278,Cliente 0278,R03,2022-09-17,Corporate
C00279,Cliente 0279,R03,2021-07-18,Consumer
C00280,Cliente 0280,R02,2022-02-28,Consumer
C00281,Cliente 0281,R02,2020-11-08,Consumer
C00282,Cliente 0282,R02,2022-11-21,Consumer
C00283,Cliente 0283,R05,2021-11-14,Consumer
C00284,Cliente 0284,R04,2022-05-07,Corporate
C00285,Cliente 0285,R05,2021-05-19,Small Business
C00286,Cliente 0286,R05,2022-08-08,Consumer
C00287,Cliente 0287,R05,2020-03-22,Consumer
C00288,Cliente 0288,R01,2020-05-05,Consumer
C00289,Cliente 0289,R05,2021-07-09,Corporate
C00290,Cliente 0290,R01,2022-03-13,Corporate
C00291,Cliente 0291,R03,2022-06-05,Consumer
C00292,Cliente 0292,R03,2021-04-27,Corporate
C00293,Cliente 0293,R02,2021-12-13,Consumer
C00294,Cliente 0294,R01,2021-08-29,Consumer
C00295,Cliente 0295,R01,2022-11-19,Small Business
C00296,Cliente 0296,R05,2021-12-17,Consumer
C00297,Cliente 0297,R02,2021-04-01,Consumer
C00298,Cliente 0298,R02,2022-11-28,Consumer
C00299,Cliente 0299,R05,2020-04-27,Consumer
C00300,Cliente 0300,R01,2022-12-15,Small Business
C00301,Cliente 0301,R05,2020-06-17,Small Business
C00302,Cliente 0302,R05,2020-11-11,Consumer
C00303,Cliente 0303,R03,2022-06-19,Consumer
C00304,Cliente 0304,R01,2022-03-15,Corporate
C00305,Cliente 0305,R01,2022-11-29,Consumer
C00306,Cliente 0306,R02,2022-04-01,Small Business
C00307,Cliente 0307,R03,2021-11-29,Corporate
C00308,Cliente 0308,R01,2021-01-14,Consumer
C00309,Cliente 0309,R03,2020-01-06,Corporate
C00310,Cliente 0310,R01,2020-05-15,Consumer
C00311,Cliente 0311,R03,2020-11-22,Consumer
C00312,Cliente 0312,R01,2020-02-14,Consumer
C00313,Cliente 0313,R04,2021-07-10,Consumer
C00314,Cliente 0314,R01,2022-05-01,Corporate
C00315,Cliente 0315,R01,2022-11-21,Corporate
C00316,Cliente 0316,R01,2021-06-20,Small Business
C00317,Cliente 0317,R05,2022-08-17,Small Business
C00318,Cliente 0318,R01,2022-12-16,Consumer
C00319,Cliente 0319,R03,2022-07-31,Consumer
C00320,Cliente 0320,R03,2021-05-24,Corporate
C00321,Cliente 0321,R03,2020-12-22,Small Business
C00322,Cliente 0322,R04,2022-12-07,Consumer
C00323,Cliente 0323,R05,2020-09-22,Consumer
C00324,Cliente 0324,R02,2021-03-27,Consumer
C00325,Cliente 0325,R05,2020-03-22,Consumer
C00326,Cliente 0326,R02,2022-05-19,Corporate
C00327,Cliente 0327,R05,2021-12-13,Consumer
C00328,Cliente 0328,R03,2020-04-02,Corporate
C00329,Cliente 0329,R04,2020-08-31,Corporate
C00330,Cliente 0330,R05,2021-08-31,Corporate
C00331,Cliente 0331,R04,2021-08-15,Consumer
C00332,Cliente 0332,R05,2022-05-29,Consumer
C00333,Cliente 0333,R03,2020-10-18,Corporate
C00334,Cliente 0334,R01,2022-10-10,Corporate
C00335,Cliente 0335,R03,2021-05-02,Consumer
C00336,Cliente 0336,R01,2022-06-20,Small Business
C00337,Cliente 0337,R05,2020-09-18,Consumer
C00338,Cliente 0338,R02,2020-02-10,Small Business
C00339,Cliente 0339,R02,2020-03-01,Consumer
C00340,Cliente 0340,R02,2021-02-12,Consumer
C00341,Cliente 0341,R04,2022-11-10,Consumer
C00342,Cliente 0342,R03,2020-02-23,Consumer
C00343,Cliente 0343,R05,2021-02-08,Consumer
C00344,Cliente 0344,R03,2020-04-29,Consumer
C00345,Cliente 0345,R02,2022-10-17,Consumer
C00346,Cliente 0346,R01,2022-01-10,Corporate
C00347,Cliente 0347,R01,2022-04-15,Consumer
C00348,Cliente 0348,R02,2022-02-20,Corporate
C00349,Cliente 0349,R05,2021-12-21,Corporate
C00350,Cliente 0350,R03,2022-04-27,Consumer
C00351,Cliente 0351,R05,2020-01-09,Consumer
C00352,Cliente 0352,R01,2022-08-06,Small Business
C00353,Cliente 0353,R01,2022-03-21,Corporate
C00354,Cliente 0354,R05,2022-03-21,Consumer
C00355,Cliente 0355,R01,2021-03-07,Corporate
C00356,Cliente 0356,R01,2022-05-27,Consumer
C00357,Cliente 0357,R03,2021-02-22,Consumer
C00358,Cliente 0358,R05,2020-02-23,Corporate
C00359,Cliente 0359,R04,2022-09-21,Consumer
C00360,Cliente 0360,R01,2020-09-14,Corporate
C00361,Cliente 0361,R05,2020-04-21,Consumer
C00362,Cliente 0362,R05,2021-11-12,Corporate
C00363,Cliente 0363,R05,2020-09-13,Consumer
C00364,Cliente 0364,R05,2022-07-29,Consumer
C00365,Cliente 0365,R02,2021-05-01,Consumer
C00366,Cliente 0366,R05,2020-01-05,Consumer
C00367,Cliente 0367,R02,2022-11-09,Corporate
C00368,Cliente 0368,R05,2021-07-18,Consumer
C00369,Cliente 0369,R03,2020-10-15,Consumer
C00370,Cliente 0370,R04,2022-01-12,Consumer
C00371,Cliente 0371,R04,2021-08-04,Consumer
C00372,Cliente 0372,R04,2020-02-02,Corporate
C00373,Cliente 0373,R04,2022-04-12,Consumer
C00374,Cliente 0374,R04,2021-03-15,Small Business
C00375,Cliente 0375,R04,2022-02-05,Consumer
C00376,Cliente 0376,R01,2022-09-08,Corporate
C00377,Cliente 0377,R05,2021-10-31,Consumer
C00378,Cliente 0378,R03,2022-01-06,Consumer
C00379,Cliente 0379,R02,2020-10-06,Small Business
C00380,Cliente 0380,R03,2020-09-17,Small Business
C00381,Cliente 0381,R05,2021-03-30,Small Business
C00382,Cliente 0382,R05,2022-07-23,Consumer
C00383,Cliente 0383,R05,2021-07-28,Consumer
C00384,Cliente 0384,R03,2021-01-16,Corporate
C00385,Cliente 0385,R04,2022-05-04,Consumer
C00386,Cliente 0386,R02,2022-07-24,Corporate
C00387,Cliente 0387,R04,2022-09-16,Consumer
C00388,Cliente 0388,R04,2020-11-23,Consumer
C00389,Cliente 0389,R02,2022-02-16,Corporate
C00390,Cliente 0390,R02,2021-10-08,Corporate
C00391,Cliente 0391,R01,2021-05-07,Consumer
C00392,Cliente 0392,R01,2021-03-11,Consumer
C00393,Cliente 0393,R03,2020-05-05,Consumer
C00394,Cliente 0394,R03,2020-10-28,Consumer
C00395,Cliente 0395,R01,2021-08-25,Consumer
C00396,Cliente 0396,R03,2022-08-29,Consumer
C00397,Cliente 0397,R04,2022-08-07,Corporate
C00398,Cliente 0398,R02,2020-07-24,Corporate
C00399,Cliente 0399,R02,2022-01-14,Consumer
C00400,Cliente 0400,R02,2020-04-02,Consumer
C00401,Cliente 0401,R03,2022-01-09,Consumer
C00402,Cliente 0402,R02,2021-01-09,Consumer
C00403,Cliente 0403,R04,2021-05-08,Consumer
C00404,Cliente 0404,R02,2022-02-25,Consumer
C00405,Cliente 0405,R03,2021-04-10,Corporate
C00406,Cliente 0406,R02,2022-06-03,Consumer
C00407,Cliente 0407,R01,2021-08-07,Consumer
C00408,Cliente 0408,R04,2022-12-30,Consumer
C00409,Cliente 0409,R02,2021-11-30,Small Business
C00410,Cliente 0410,R02,2020-11-20,Corporate
C00411,Cliente 0411,R04,2022-04-29,Consumer
C00412,Cliente 0412,R05,2021-03-23,Small Business
C00413,Cliente 0413,R04,2021-08-08,Consumer
C00414,Cliente 0414,R05,2020-05-29,Consumer
C00415,Cliente 0415,R05,2020-05-10,Small Business
C00416,Cliente 0416,R03,2021-09-22,Consumer
C00417,Cliente 0417,R04,2020-07-23,Consumer
C00418,Cliente 0418,R02,2022-12-29,Consumer
C00419,Cliente 0419,R03,2022-07-26,Consumer
C00420,Cliente 0420,R03,2022-02-07,Corporate
C00421,Cliente 0421,R05,2022-03-16,Consumer
C00422,Cliente 0422,R05,2021-10-14,Consumer
C00423,Cliente 0423,R03,2020-03-07,Consumer
C00424,Cliente 0424,R04,2021-03-06,Consumer
C00425,Cliente 0425,R02,2021-06-27,Consumer
C00426,Cliente 0426,R05,2022-09-30,Consumer
C00427,Cliente 0427,R03,2020-08-28,Small Business
C00428,Cliente 0428,R03,2021-06-28,Consumer
C00429,Cliente 0429,R04,2021-01-12,Consumer
C00430,Cliente 0430,R04,2020-05-27,Consumer
C00431,Cliente 0431,R01,2020-04-22,Consumer
C00432,Cliente 0432,R02,2021-02-04,Consumer
C00433,Cliente 0433,R01,2020-03-31,Consumer
C00434,Cliente 0434,R04,2020-03-14,Consumer
C00435,Cliente 0435,R01,2021-01-19,Small Business
C00436,Cliente 0436,R02,2020-08-09,Small Business
C00437,Cliente 0437,R03,2021-08-31,Consumer
C00438,Cliente 0438,R04,2020-01-20,Consumer
C00439,Cliente 0439,R03,2020-11-26,Consumer
C00440,Cliente 0440,R05,2021-05-11,Consumer
C00441,Cliente 0441,R05,2022-11-21,Consumer
C00442,Cliente 0442,R01,2021-11-26,Small Business
C00443,Cliente 0443,R05,2022-08-23,Corporate
C00444,Cliente 0444,R04,2021-01-11,Corporate
C00445,Cliente 0445,R04,2021-05-07,Consumer
C00446,Cliente 0446,R01,2021-04-05,Small Business
C00447,Cliente 0447,R04,2022-08-30,Consumer
C00448,Cliente 0448,R04,2022-11-17,Consumer
C00449,Cliente 0449,R03,2022-11-20,Consumer
C00450,Cliente 0450,R01,2022-04-04,Small Business
C00451,Cliente 0451,R03,2021-07-05,Consumer
C00452,Cliente 0452,R05,2021-08-15,Corporate
C00453,Cliente 0453,R04,2022-12-10,Consumer
C00454,Cliente 0454,R01,2020-11-07,Small Business
C00455,Cliente 0455,R05,2021-01-14,Consumer
C00456,Cliente 0456,R05,2022-09-10,Consumer
C00457,Cliente 0457,R01,2021-02-27,Small Business
C00458,Cliente 0458,R05,2020-09-14,Consumer
C00459,Cliente 0459,R03,2021-09-06,Consumer
C00460,Cliente 0460,R03,2020-12-22,Consumer
C00461,Cliente 0461,R03,2022-09-03,Consumer
C00462,Cliente 0462,R04,2022-09-23,Consumer
C00463,Cliente 0463,R05,2020-12-01,Consumer
C00464,Cliente 0464,R04,2021-08-03,Consumer
C00465,Cliente 0465,R05,2022-12-14,Small Business
C00466,Cliente 0466,R05,2022-03-24,Consumer
C00467,Cliente 0467,R01,2020-08-24,Consumer
C00468,Cliente 0468,R02,2021-10-09,Consumer
C00469,Cliente 0469,R04,2021-11-10,Consumer
C00470,Cliente 0470,R03,2021-12-17,Corporate
C00471,Cliente 0471,R01,2020-01-28,Small Business
C00472,Cliente 0472,R01,2020-11-24,Small Business
C00473,Cliente 0473,R03,2022-07-25,Consumer
C00474,Cliente 0474,R04,2020-09-21,Consumer
C00475,Cliente 0475,R01,2020-11-24,Consumer
C00476,Cliente 0476,R01,2020-12-19,Consumer
C00477,Cliente 0477,R01,2020-07-13,Consumer
C00478,Cliente 0478,R03,2020-06-19,Corporate
C00479,Cliente 0479,R01,2021-01-15,Consumer
C00480,Cliente 0480,R03,2022-08-16,Consumer
C00481,Cliente 0481,R03,2020-01-02,Consumer
C00482,Cliente 0482,R03,2020-11-06,Consumer
C00483,Cliente 0483,R04,2020-03-07,Consumer
C00484,Cliente 0484,R03,2021-09-07,Consumer
C00485,Cliente 0485,R04,2020-10-01,Corporate
C00486,Cliente 0486,R04,2022-05-18,Consumer
C00487,Cliente 0487,R05,2021-10-03,Consumer
C00488,Cliente 0488,R04,2022-05-09,Consumer
C00489,Cliente 0489,R03,2021-11-26,Corporate
C00490,Cliente 0490,R03,2021-04-25,Consumer
C00491,Cliente 0491,R02,2022-08-01,Corporate
C00492,Cliente 0492,R03,2021-06-05,Small Business
C00493,Cliente 0493,R01,2022-11-07,Consumer
C00494,Cliente 0494,R05,2022-12-26,Corporate
C00495,Cliente 0495,R05,2021-10-07,Consumer
C00496,Cliente 0496,R01,2022-01-09,Small Business
C00497,Cliente 0497,R04,2020-10-07,Consumer
C00498,Cliente 0498,R01,2022-06-11,Small Business
C00499,Cliente 0499,R04,2022-01-06,Consumer
C00500,Cliente 0500,R01,2022-09-16,Consumer
C00501,Cliente 0501,R03,2020-10-19,Consumer
C00502,Cliente 0502,R04,2022-05-13,Corporate
C00503,Cliente 0503,R04,2021-05-30,Consumer
C00504,Cliente 0504,R03,2020-07-21,Consumer
C00505,Cliente 0505,R05,2020-07-06,Corporate
C00506,Cliente 0506,R04,2021-09-08,Small Business
C00507,Cliente 0507,R02,2020-12-16,Consumer
C00508,Cliente 0508,R04,2020-04-21,Consumer
C00509,Cliente 0509,R04,2021-04-13,Consumer
C00510,Cliente 0510,R02,2021-12-16,Corporate
C00511,Cliente 0511,R04,2020-12-15,Consumer
C00512,Cliente 0512,R05,2022-11-13,Small Business
C00513,Cliente 0513,R05,2022-05-04,Consumer
C00514,Cliente 0514,R04,2021-07-15,Consumer
C00515,Cliente 0515,R04,2022-10-21,Consumer
C00516,Cliente 0516,R02,2021-04-19,Consumer
C00517,Cliente 0517,R04,2020-06-02,Corporate
C00518,Cliente 0518,R02,2020-02-09,Consumer
C00519,Cliente 0519,R03,2022-10-25,Consumer
C00520,Cliente 0520,R02,2022-11-17,Small Business
C00521,Cliente 0521,R02,2022-03-21,Small Business
C00522,Cliente 0522,R01,2020-04-22,Small Business
C00523,Cliente 0523,R05,2020-11-17,Consumer
C00524,Cliente 0524,R01,2020-02-15,Consumer
C00525,Cliente 0525,R01,2020-02-26,Small Business
C00526,Cliente 0526,R05,2020-09-26,Consumer
C00527,Cliente 0527,R03,2021-09-19,Consumer
C00528,Cliente 0528,R03,2020-03-12,Corporate
C00529,Cliente 0529,R04,2022-12-15,Consumer
C00530,Cliente 0530,R02,2021-05-13,Consumer
C00531,Cliente 0531,R01,2020-10-16,Small Business
C00532,Cliente 0532,R04,2021-07-19,Consumer
C00533,Cliente 0533,R01,2022-05-16,Consumer
C00534,Cliente 0534,R03,2020-12-08,Consumer
C00535,Cliente 0535,R05,2020-02-22,Consumer
C00536,Cliente 0536,R05,2020-02-25,Consumer
C00537,Cliente 0537,R02,2022-07-22,Corporate
C00538,Cliente 0538,R04,2020-05-02,Corporate
C00539,Cliente 0539,R04,2021-11-27,Consumer
C00540,Cliente 0540,R03,2021-02-25,Consumer
C00541,Cliente 0541,R01,2022-05-02,Small Business
C00542,Cliente 0542,R02,2020-03-07,Consumer
C00543,Cliente 0543,R04,2022-09-10,Consumer
C00544,Cliente 0544,R05,2022-02-04,Consumer
C00545,Cliente 0545,R01,2021-05-07,Corporate
C00546,Cliente 0546,R04,2020-08-14,Consumer
C00547,Cliente 0547,R05,2022-12-06,Corporate
C00548,Cliente 0548,R05,2020-11-27,Consumer
C00549,Cliente 0549,R03,2021-06-21,Consumer
C00550,Cliente 0550,R01,2021-03-07,Consumer
C00551,Cliente 0551,R02,2020-09-09,Consumer
C00552,Cliente 0552,R05,2021-04-01,Consumer
C00553,Cliente 0553,R05,2020-06-15,Consumer
C00554,Cliente 0554,R04,2020-01-02,Consumer
C00555,Cliente 0555,R01,2020-11-13,Consumer
C00556,Cliente 0556,R01,2020-05-02,Consumer
C00557,Cliente 0557,R03,2021-03-30,Consumer
C00558,Cliente 0558,R03,2022-08-03,Small Business
C00559,Cliente 0559,R01,2020-06-27,Consumer
C00560,Cliente 0560,R04,2020-01-02,Corporate
C00561,Cliente 0561,R03,2020-05-01,Small Business
C00562,Cliente 0562,R01,2021-07-10,Consumer
C00563,Cliente 0563,R01,2020-10-28,Corporate
C00564,Cliente 0564,R03,2021-06-20,Small Business
C00565,Cliente 0565,R04,2020-02-02,Corporate
C00566,Cliente 0566,R05,2020-12-31,Consumer
C00567,Cliente 0567,R03,2021-03-25,Consumer
C00568,Cliente 0568,R02,2021-04-17,Consumer
C00569,Cliente 0569,R05,2021-08-27,Consumer
C00570,Cliente 0570,R03,2022-05-05,Small Business
C00571,Cliente 0571,R02,2021-05-27,Small Business
C00572,Cliente 0572,R03,2022-07-10,Consumer
C00573,Cliente 0573,R01,2021-08-03,Corporate
C00574,Cliente 0574,R02,2020-10-12,Consumer
C00575,Cliente 0575,R03,2020-09-08,Small Business
C00576,Cliente 0576,R05,2020-12-19,Consumer
C00577,Cliente 0577,R04,2021-10-16,Small Business
C00578,Cliente 0578,R04,2020-09-22,Corporate
C00579,Cliente 0579,R03,2022-09-28,Consumer
C00580,Cliente 0580,R01,2021-06-09,Consumer
C00581,Cliente 0581,R02,2022-08-04,Corporate
C00582,Cliente 0582,R05,2022-01-18,Consumer
C00583,Cliente 0583,R01,2020-12-31,Consumer
C00584,Cliente 0584,R05,2020-09-07,Small Business
C00585,Cliente 0585,R04,2022-03-26,Consumer
C00586,Cliente 0586,R02,2020-12-28,Consumer
C00587,Cliente 0587,R04,2020-09-27,Consumer
C00588,Cliente 0588,R05,2022-10-16,Consumer
C00589,Cliente 0589,R01,2021-06-12,Small Business
C00590,Cliente 0590,R01,2020-02-23,Consumer
C00591,Cliente 0591,R04,2021-06-26,Consumer
C00592,Cliente 0592,R05,2021-05-20,Consumer
C00593,Cliente 0593,R01,2022-08-04,Small Business
C00594,Cliente 0594,R04,2022-02-18,Consumer
C00595,Cliente 0595,R01,2020-07-28,Small Business
C00596,Cliente 0596,R04,2020-06-13,Corporate
C00597,Cliente 0597,R04,2021-10-23,Corporate
C00598,Cliente 0598,R01,2020-02-21,Small Business
C00599,Cliente 0599,R04,2020-12-15,Corporate
C00600,Cliente 0600,R05,2020-05-31,Small Business
C00601,Cliente 0601,R05,2020-01-23,Consumer
C00602,Cliente 0602,R01,2022-10-04,Corporate
C00603,Cliente 0603,R02,2020-04-08,Consumer
C00604,Cliente 0604,R02,2020-01-11,Consumer
C00605,Cliente 0605,R03,2022-10-19,Small Business
C00606,Cliente 0606,R01,2020-07-25,Small Business
C00607,Cliente 0607,R05,2022-06-13,Corporate
C00608,Cliente 0608,R04,2020-02-04,Consumer
C00609,Cliente 0609,R05,2020-06-17,Consumer
C00610,Cliente 0610,R01,2020-05-01,Consumer
C00611,Cliente 0611,R01,2022-02-13,Consumer
C00612,Cliente 0612,R05,2021-11-10,Consumer
C00613,Cliente 0613,R02,2021-06-05,Consumer
C00614,Cliente 0614,R04,2020-09-21,Consumer
C00615,Cliente 0615,R05,2020-04-07,Corporate
C00616,Cliente 0616,R01,2021-09-15,Consumer
C00617,Cliente 0617,R01,2020-09-09,Small Business
C00618,Cliente 0618,R01,2021-10-08,Consumer
C00619,Cliente 0619,R01,2022-01-23,Consumer
C00620,Cliente 0620,R01,2022-07-19,Consumer
C00621,Cliente 0621,R05,2021-06-25,Consumer
C00622,Cliente 0622,R04,2020-01-06,Small Business
C00623,Cliente 0623,R05,2020-11-03,Consumer
C00624,Cliente 0624,R05,2022-07-24,Consumer
C00625,Cliente 0625,R05,2021-08-07,Small Business
C00626,Cliente 0626,R02,2021-11-09,Small Business
C00627,Cliente 0627,R02,2021-05-16,Consumer
C00628,Cliente 0628,R05,2020-06-27,Consumer
C00629,Cliente 0629,R02,2022-09-09,Consumer
C00630,Cliente 0630,R01,2022-04-27,Consumer
C00631,Cliente 0631,R04,2022-12-26,Consumer
C00632,Cliente 0632,R05,2022-07-26,Consumer
C00633,Cliente 0633,R05,2020-11-15,Small Business
C00634,Cliente 0634,R05,2020-10-05,Consumer
C00635,Cliente 0635,R01,2020-09-29,Corporate
C00636,Cliente 0636,R04,2022-10-03,Consumer
C00637,Cliente 0637,R05,2021-09-02,Corporate
C00638,Cliente 0638,R04,2021-05-13,Consumer
C00639,Cliente 0639,R05,2022-11-27,Small Business
C00640,Cliente 0640,R05,2021-10-23,Small Business
C00641,Cliente 0641,R03,2022-09-23,Consumer
C00642,Cliente 0642,R01,2022-12-15,Consumer
C00643,Cliente 0643,R03,2020-03-28,Consumer
C00644,Cliente 0644,R02,2021-01-31,Consumer
C00645,Cliente 0645,R01,2022-03-15,Small Business
C00646,Cliente 0646,R01,2022-06-10,Consumer
C00647,Cliente 0647,R04,2020-06-11,Corporate
C00648,Cliente 0648,R03,2020-12-14,Consumer
C00649,Cliente 0649,R03,2021-08-23,Consumer
C00650,Cliente 0650,R04,2022-05-25,Consumer
C00651,Cliente 0651,R03,2020-05-03,Corporate
C00652,Cliente 0652,R04,2021-10-20,Corporate
C00653,Cliente 0653,R01,2020-11-20,Consumer
C00654,Cliente 0654,R05,2020-08-25,Consumer
C00655,Cliente 0655,R03,2021-07-18,Corporate
C00656,Cliente 0656,R01,2021-03-29,Consumer
C00657,Cliente 0657,R05,2021-11-27,Small Business
C00658,Cliente 0658,R04,2020-12-14,Consumer
C00659,Cliente 0659,R01,2022-06-21,Consumer
C00660,Cliente 0660,R01,2020-03-26,Consumer
C00661,Cliente 0661,R01,2022-08-02,Consumer
C00662,Cliente 0662,R02,2020-02-02,Consumer
C00663,Cliente 0663,R01,2022-03-17,Consumer
C00664,Cliente 0664,R04,2021-01-14,Small Business
C00665,Cliente 0665,R03,2021-02-24,Consumer
C00666,Cliente 0666,R05,2020-01-21,Consumer
C00667,Cliente 0667,R04,2022-02-08,Consumer
C00668,Cliente 0668,R04,2020-06-30,Consumer
C00669,Cliente 0669,R03,2021-12-23,Consumer
C00670,Cliente 0670,R01,2022-03-05,Consumer
C00671,Cliente 0671,R01,2022-07-15,Corporate
C00672,Cliente 0672,R04,2022-02-15,Consumer
C00673,Cliente 0673,R01,2020-11-26,Small Business
C00674,Cliente 0674,R01,2022-03-20,Consumer
C00675,Cliente 0675,R02,2022-06-24,Small Business
C00676,Cliente 0676,R05,2020-12-13,Consumer
C00677,Cliente 0677,R03,2020-05-16,Consumer
C00678,Cliente 0678,R04,2022-09-02,Corporate
C00679,Cliente 0679,R03,2020-06-11,Corporate
C00680,Cliente 0680,R01,2021-10-12,Corporate
C00681,Cliente 0681,R02,2020-09-15,Consumer
C00682,Cliente 0682,R01,2020-05-18,Corporate
C00683,Cliente 0683,R04,2022-04-30,Small Business
C00684,Cliente 0684,R01,2020-06-06,Corporate
C00685,Cliente 0685,R02,2022-01-04,Consumer
C00686,Cliente 0686,R05,2022-01-29,Corporate
C00687,Cliente 0687,R03,2020-03-07,Corporate
C00688,Cliente 0688,R03,2020-07-08,Small Business
C00689,Cliente 0689,R03,2022-05-20,Consumer
C00690,Cliente 0690,R04,2021-07-09,Consumer
C00691,Cliente 0691,R02,2020-05-13,Corporate
C00692,Cliente 0692,R04,2022-12-22,Consumer
C00693,Cliente 0693,R05,2020-10-17,Corporate
C00694,Cliente 0694,R03,2020-01-05,Consumer
C00695,Cliente 0695,R03,2022-10-09,Consumer
C00696,Cliente 0696,R01,2020-01-19,Corporate
C00697,Cliente 0697,R02,2021-08-29,Consumer
C00698,Cliente 0698,R05,2022-12-24,Consumer
C00699,Cliente 0699,R03,2021-09-25,Corporate
C00700,Cliente 0700,R02,2021-10-02,Corporate
