product_id,product_name,category,unit_price,unit_cost
P001,Fone 01,Eletrônicos,49.9,30.08
P002,Luminária 02,Casa,499.9,360.13
P003,Cadeira 03,Escritório,49.9,25.27
P004,Garrafa 04,Esportes,499.9,376.51
P005,Carteira 05,Acessórios,499.9,349.98
P006,Monitor 06,Eletrônicos,499.9,257.88
P007,Organizador 07,Casa,899.9,525.38
P008,Mesa 08,Escritório,149.9,110.85
P009,Colchonete 09,Esportes,499.9,355.12
P010,Relógio 10,Acessórios,249.9,150.98
P011,Teclado 11,Eletrônicos,149.9,95.23
P012,Cafeteira 12,Casa,89.9,44.76
P013,Caderno 13,Escritório,899.9,591.11
P014,Mochila 14,Esportes,499.9,346.06
P015,Óculos 15,Acessórios,499.9,375.82
P016,Mouse 16,Eletrônicos,149.9,109.44
P017,Ventilador 17,Casa,499.9,267.2
P018,Caneta 18,Escritório,499.9,305.28
P019,Bicicleta 19,Esportes,149.9,78.43
P020,Cinto 20,Acessórios,49.9,33.5
P021,Webcam 21,Eletrônicos,899.9,675.74
P022,Jogo de panelas 22,Casa,499.9,285.56
P023,Impressora 23,Escritório,899.9,550.27
P024,Halteres 24,Esportes,149.9,79.9
P025,Bolsa 25,Acessórios,149.9,91.92
P026,Notebook 26,Eletrônicos,49.9,27.12
P027,Luminária 27,Casa,249.9,150.54
P028,Cadeira 28,Escritório,499.9,356.5
P029,Garrafa 29,Esportes,249.9,141.81
P030,Carteira 30,Acessórios,499.9,356.45
P031,Fone 31,Eletrônicos,149.9,88.22
P032,Organizador 32,Casa,499.9,280.31
P033,Mesa 33,Escritório,89.9,46.67
P034,Colchonete 34,Esportes,499.9,267.93
P035,Relógio 35,Acessórios,499.9,350.1
P036,Monitor 36,Eletrônicos,49.9,33.24
P037,Cafeteira 37,Casa,149.9,104.72
P038,Caderno 38,Escritório,499.9,304.19
P039,Mochila 39,Esportes,249.9,129.73
P040,Óculos 40,Acessórios,249.9,127.97
P041,Teclado 41,Eletrônicos,149.9,91.72
P042,Ventilador 42,Casa,499.9,319.07
P043,Caneta 43,Escritório,49.9,32.82
P044,Bicicleta 44,Esportes,499.9,317.44
P045,Cinto 45,Acessórios,49.9,28.2
P046,Mouse 46,Eletrônicos,249.9,122.11
P047,Jogo de panelas 47,Casa,149.9,80.96
P048,Impressora 48,Escritório,149.9,89.1
P049,Halteres 49,Esportes,899.9,490.9
P050,Bolsa 50,Acessórios,899.9,446.64
P051,Webcam 51,Eletrônicos,899.9,505.93
P052,Luminária 52,Casa,89.9,59.81
P053,Cadeira 53,Escritório,49.9,34.9
P054,Garrafa 54,Esportes,249.9,166.44
P055,Carteira 55,Acessórios,149.9,106.12
P056,Notebook 56,Eletrônicos,149.9,78.96
P057,Organizador 57,Casa,149.9,75.73
P058,Mesa 58,Escritório,49.9,34.04
P059,Colchonete 59,Esportes,499.9,262.53
P060,Relógio 60,Acessórios,149.9,92.98
