seller_id,seller_name,region_id,hire_date
V001,Vendedor 01,R05,2021-04-15
V002,Vendedor 02,R01,2020-04-30
V003,Vendedor 03,R03,2022-10-27
V004,Vendedor 04,R04,2023-11-05
V005,Vendedor 05,R03,2020-04-26
V006,Vendedor 06,R03,2022-11-22
V007,Vendedor 07,R01,2020-04-21
V008,Vendedor 08,R02,2022-08-02
V009,Vendedor 09,R02,2022-12-11
V010,Vendedor 10,R02,2021-03-31
V011,Vendedor 11,R04,2022-09-07
V012,Vendedor 12,R04,2020-05-12
V013,Vendedor 13,R04,2019-05-25
V014,Vendedor 14,R02,2019-06-26
V015,Vendedor 15,R05,2021-03-27
V016,Vendedor 16,R01,2023-07-07
V017,Vendedor 17,R02,2019-08-21
V018,Vendedor 18,R01,2021-04-12
V019,Vendedor 19,R02,2022-07-09
V020,Vendedor 20,R05,2020-01-05
V021,Vendedor 21,R02,2022-08-10
V022,Vendedor 22,R05,2020-07-12
V023,Vendedor 23,R03,2023-01-16
V024,Vendedor 24,R04,2021-11-23
